{
  "accuracy": 0.9875643420033708,
  "macro_f1": 0.9312798172331203,
  "weighted_f1": 0.9877900361455952,
  "macro_precision": 0.9121414608879043,
  "weighted_precision": 0.9881697978624273,
  "macro_recall": 0.9528314362252143,
  "weighted_recall": 0.9875643420033708,
  "per_class_precision": [
    0.9962821153099162,
    0.8552412645590682,
    0.9618528610354223,
    0.7580645161290323,
    0.9892665474060823
  ],
  "per_class_recall": [
    0.9910029254291549,
    0.9244604316546763,
    0.9758120248790602,
    0.88125,
    0.9916317991631799
  ],
  "confusion_matrix": [
    [
      17954,
      80,
      36,
      31,
      16
    ],
    [
      36,
      514,
      6,
      0,
      0
    ],
    [
      12,
      7,
      1412,
      14,
      2
    ],
    [
      13,
      0,
      6,
      141,
      0
    ],
    [
      6,
      0,
      8,
      0,
      1659
    ]
  ],
  "last_train_accuracy": 0.9951633216324124,
  "last_val_accuracy": 0.9877011843303978
}