{
  "accuracy": 0.9856056119892498,
  "macro_f1": 0.9253849988412775,
  "weighted_f1": 0.9859039863445964,
  "macro_precision": 0.9166295106953454,
  "weighted_precision": 0.9864684110371645,
  "macro_recall": 0.9362215267206336,
  "weighted_recall": 0.9856056119892498,
  "per_class_precision": [
    0.9951143681989785,
    0.7801857585139319,
    0.9659400544959128,
    0.8496732026143791,
    0.9922341696535245
  ],
  "per_class_recall": [
    0.9893470221339074,
    0.9064748201438849,
    0.9799585348997927,
    0.8125,
    0.9928272564255828
  ],
  "confusion_matrix": [
    [
      17924,
      136,
      33,
      13,
      11
    ],
    [
      50,
      504,
      2,
      0,
      0
    ],
    [
      14,
      3,
      1418,
      10,
      2
    ],
    [
      18,
      2,
      10,
      130,
      0
    ],
    [
      6,
      1,
      5,
      0,
      1661
    ]
  ],
  "last_train_accuracy": 0.9924703234277445,
  "last_val_accuracy": 0.9823109626480413
}