{
  "accuracy": 0.9881565161936865,
  "macro_f1": 0.9308569539514163,
  "weighted_f1": 0.9882303558631204,
  "macro_precision": 0.9266339602506981,
  "weighted_precision": 0.9883312116286528,
  "macro_recall": 0.9352940106385788,
  "weighted_recall": 0.9881565161936865,
  "per_class_precision": [
    0.9943646408839779,
    0.8610634648370498,
    0.9756944444444444,
    0.808641975308642,
    0.9934052757793765
  ],
  "per_class_recall": [
    0.993431583595518,
    0.9028776978417267,
    0.9709744298548721,
    0.81875,
    0.990436341900777
  ],
  "confusion_matrix": [
    [
      17998,
      77,
      18,
      14,
      10
    ],
    [
      50,
      502,
      3,
      0,
      1
    ],
    [
      22,
      3,
      1405,
      17,
      0
    ],
    [
      18,
      0,
      11,
      131,
      0
    ],
    [
      12,
      1,
      3,
      0,
      1657
    ]
  ],
  "last_train_accuracy": 0.9949623516171388,
  "last_val_accuracy": 0.9875493470999089
}