{
  "accuracy": 0.9883387236368606,
  "macro_f1": 0.9338440926162667,
  "weighted_f1": 0.9883097127623255,
  "macro_precision": 0.9426149439349389,
  "weighted_precision": 0.9883651477347378,
  "macro_recall": 0.9268243001536389,
  "weighted_recall": 0.9883387236368606,
  "per_class_precision": [
    0.994309077849605,
    0.868421052631579,
    0.9648648648648649,
    0.8920863309352518,
    0.9933933933933934
  ],
  "per_class_recall": [
    0.9933211900425015,
    0.8902877697841727,
    0.986869384934347,
    0.775,
    0.9886431560071728
  ],
  "confusion_matrix": [
    [
      17996,
      74,
      26,
      11,
      10
    ],
    [
      54,
      495,
      7,
      0,
      0
    ],
    [
      14,
      1,
      1428,
      3,
      1
    ],
    [
      19,
      0,
      17,
      124,
      0
    ],
    [
      16,
      0,
      2,
      1,
      1654
    ]
  ],
  "last_train_accuracy": 0.9962619577159088,
  "last_val_accuracy": 0.9883085332523535
}