{
  "accuracy": 0.9886575866624152,
  "macro_f1": 0.9394975129622493,
  "weighted_f1": 0.9886917973025563,
  "macro_precision": 0.9395229339166937,
  "weighted_precision": 0.9887457834315564,
  "macro_recall": 0.9396828610990987,
  "weighted_recall": 0.9886575866624152,
  "per_class_precision": [
    0.9942017781213761,
    0.8717504332755632,
    0.9737569060773481,
    0.864516129032258,
    0.9933894230769231
  ],
  "per_class_recall": [
    0.9937627642545676,
    0.9046762589928058,
    0.9744298548721493,
    0.8375,
    0.9880454273759713
  ],
  "confusion_matrix": [
    [
      18004,
      69,
      24,
      9,
      11
    ],
    [
      50,
      503,
      3,
      0,
      0
    ],
    [
      23,
      3,
      1410,
      11,
      0
    ],
    [
      20,
      0,
      6,
      134,
      0
    ],
    [
      12,
      2,
      5,
      1,
      1653
    ]
  ],
  "last_train_accuracy": 0.9967710817546022,
  "last_val_accuracy": 0.9880048587913757
}